Name ,Link,State ,Party ,LegislativeBody
"Baldwin, Tammy",https://twitter.com/SenatorBaldwin,WI,D,senate
"Barrasso, John",https://twitter.com/SenJohnBarrasso,WY,R,senate
"Bennet, Michael F.",https://twitter.com/SenatorBennet,CO,D,senate
"Blackburn, Marsha",https://twitter.com/MarshaBlackburn,TN,R,senate
"Blumenthal, Richard",https://twitter.com/SenBlumenthal,CT,D,senate
"Blunt, Roy",https://twitter.com/RoyBlunt,MO,R,senate
"Booker, Cory A.",https://twitter.com/CoryBooker,NJ,D,senate
"Boozman, John",https://twitter.com/JohnBoozman,AR,R,senate
"Braun, Mike",https://twitter.com/SenatorBraun,IN,R,senate
"Brown, Sherrod",https://twitter.com/SenSherrodBrown,OH,D,senate
"Burr, Richard",https://twitter.com/SenatorBurr,NC,R,senate
"Cantwell, Maria",https://twitter.com/SenatorCantwell,WA,D,senate
"Capito, Shelley Moore",https://twitter.com/SenCapito,WV,R,senate
"Cardin, Benjamin L.",https://twitter.com/SenatorCardin,MD,D,senate
"Carper, Thomas R.",https://twitter.com/SenatorCarper,DE,D,senate
"Casey, Robert P. Jr.",https://twitter.com/SenBobCasey,PA,D,senate
"Cassidy, Bill",https://twitter.com/SenBillCassidy,LA,R,senate
"Collins, Susan M.",https://twitter.com/SenatorCollins,ME,R,senate
"Coons, Christopher A.",https://twitter.com/ChrisCoons,DE,D,senate
"Cornyn, John",https://twitter.com/JohnCornyn,TX,R,senate
"Cortez Masto, Catherine",https://twitter.com/SenCortezMasto,NV,D,senate
"Cotton, Tom",https://twitter.com/SenTomCotton,AR,R,senate
"Cramer, Kevin",https://twitter.com/SenKevinCramer,ND,R,senate
"Crapo, Mike",https://twitter.com/MikeCrapo,ID,R,senate
"Cruz, Ted",https://twitter.com/SenTedCruz,TX,R,senate
"Daines, Steve",https://twitter.com/SteveDaines,MT,R,senate
"Duckworth, Tammy",https://twitter.com/SenDuckworth,IL,D,senate
"Durbin, Richard J.",https://twitter.com/SenatorDurbin,IL,D,senate
"Ernst, Joni",https://twitter.com/SenJoniErnst,IA,R,senate
"Feinstein, Dianne",https://twitter.com/SenFeinstein,CA,D,senate
"Fischer, Deb",https://twitter.com/SenatorFischer,NE,R,senate
"Gillibrand, Kirsten E.",https://twitter.com/SenGillibrand,NY,D,senate
"Graham, Lindsey",https://twitter.com/LindseyGrahamSC,SC,R,senate
"Grassley, Chuck",https://twitter.com/ChuckGrassley,IA,R,senate
"Hagerty, Bill",https://twitter.com/SenatorHagerty,TN,R,senate
"Hassan, Margaret Wood",https://twitter.com/SenatorHassan,NH,D,senate
"Hawley, Josh",https://twitter.com/HawleyMO,MO,R,senate
"Heinrich, Martin",https://twitter.com/MartinHeinrich,NM,D,senate
"Hickenlooper, John W.",https://twitter.com/SenatorHick,CO,D,senate
"Hirono, Mazie K.",https://twitter.com/maziehirono,HI,D,senate
"Hoeven, John",https://twitter.com/SenJohnHoeven,ND,R,senate
"Hyde-Smith, Cindy",https://twitter.com/SenHydeSmith,MS,R,senate
"Inhofe, James M.",https://twitter.com/JimInhofe,OK,R,senate
"Johnson, Ron",https://twitter.com/SenRonJohnson,WI,R,senate
"Kaine, Tim",https://twitter.com/timkaine,VA,D,senate
"Kelly, Mark",https://twitter.com/SenMarkKelly,AZ,D,senate
"Kennedy, John",https://twitter.com/SenJohnKennedy,LA,R,senate
"King, Angus S. Jr.",https://twitter.com/SenAngusKing,ME,I,senate
"Klobuchar, Amy",https://twitter.com/SenAmyKlobuchar,MN,D,senate
"Lankford, James",https://twitter.com/SenatorLankford,OK,R,senate
"Leahy, Patrick J.",https://twitter.com/SenatorLeahy,VT,D,senate
"Lee, Mike",https://twitter.com/SenMikeLee,UT,R,senate
"Luján, Ben Ray",https://twitter.com/SenatorLujan,NM,D,senate
"Lummis, Cynthia M.",https://twitter.com/SenLummis,WY,R,senate
"Manchin, Joe, III",https://twitter.com/Sen_JoeManchin,WV,D,senate
"Markey, Edward J.",https://twitter.com/SenMarkey,MA,D,senate
"Marshall, Roger",https://twitter.com/SenatorMarshall,KS,R,senate
"McConnell, Mitch",https://twitter.com/senatemajldr,KY,R,senate
"Menendez, Bob",https://twitter.com/SenatorMenendez,NJ,D,senate
"Merkley, Jeff",https://twitter.com/SenJeffMerkley,OR,D,senate
"Moran, Jerry",https://twitter.com/JerryMoran,KS,R,senate
"Murkowski, Lisa",https://twitter.com/lisamurkowski,AK,R,senate
"Murphy, Christopher",https://twitter.com/ChrisMurphyCT,CT,D,senate
"Murray, Patty",https://twitter.com/PattyMurray,WA,D,senate
"Ossoff, Jon",https://twitter.com/ossoff,GA,D,senate
"Padilla, Alex",https://twitter.com/SenAlexPadilla,CA,D,senate
"Paul, Rand",https://twitter.com/RandPaul,KY,R,senate
"Peters, Gary C.",https://twitter.com/SenGaryPeters,MI,D,senate
"Portman, Rob",https://twitter.com/senrobportman,OH,R,senate
"Reed, Jack",https://twitter.com/SenJackReed,RI,D,senate
"Risch, James E.",https://twitter.com/SenatorRisch,ID,R,senate
"Romney, Mitt",https://twitter.com/SenatorRomney,UT,R,senate
"Rosen, Jacky",https://twitter.com/SenJackyRosen,NV,D,senate
"Rounds, Mike",https://twitter.com/SenatorRounds,SD,R,senate
"Rubio, Marco",https://twitter.com/marcorubio,FL,R,senate
"Sanders, Bernard",https://twitter.com/SenSanders,VT,I,senate
"Sasse, Ben",https://twitter.com/SenSasse,NE,R,senate
"Schatz, Brian",https://twitter.com/SenBrianSchatz,HI,D,senate
"Schumer, Charles E.",https://twitter.com/SenSchumer,NY,D,senate
"Scott, Rick",https://twitter.com/SenRickScott,FL,R,senate
"Scott, Tim",https://twitter.com/SenatorTimScott,SC,R,senate
"Shaheen, Jeanne",https://twitter.com/SenatorShaheen,NH,D,senate
"Shelby, Richard C.",https://twitter.com/SenShelby,AL,R,senate
"Sinema, Kyrsten",https://twitter.com/SenatorSinema,AZ,D,senate
"Smith, Tina",https://twitter.com/SenTinaSmith,MN,D,senate
"Stabenow, Debbie",https://twitter.com/SenStabenow,MI,D,senate
"Sullivan, Dan",https://twitter.com/SenDanSullivan,AK,R,senate
"Tester, Jon",https://twitter.com/SenatorTester,MT,D,senate
"Thune, John",https://twitter.com/SenJohnThune,SD,R,senate
"Tillis, Thom",https://twitter.com/SenThomTillis,NC,R,senate
"Toomey, Patrick J.",https://twitter.com/SenToomey,PA,R,senate
"Tuberville, Tommy",https://twitter.com/SenTuberville,AL,R,senate
"Van Hollen, Chris",https://twitter.com/ChrisVanHollen,MD,D,senate
"Warner, Mark R.",https://twitter.com/MarkWarner,VA,D,senate
"Warnock, Raphael G.",https://twitter.com/SenatorWarnock,GA,D,senate
"Warren, Elizabeth",https://twitter.com/SenWarren,MA,D,senate
"Whitehouse, Sheldon",https://twitter.com/SenWhitehouse,RI,D,senate
"Wicker, Roger F.",https://twitter.com/SenatorWicker,MS,R,senate
"Wyden, Ron",https://twitter.com/RonWyden,OR,D,senate
"Young, Todd",https://twitter.com/SenToddYoung,IN,R,senate
"Adams, Alma",https://twitter.com/RepAdams,NC,D,house
"Aderholt, Robert",https://twitter.com/Robert_Aderholt,AL,R,house
"Aguilar, Pete",https://twitter.com/RepPeteAguilar,CA,D,house
"Allen, Rick",https://twitter.com/RepRickAllen,GA,R,house
"Allred, Colin",https://twitter.com/RepColinAllred,TX,D,house
"Amodei, Mark",https://twitter.com/MarkAmodeiNV2,NV,R,house
"Armstrong, Kelly",https://twitter.com/RepArmstrongND,ND,R,house
"Arrington, Jodey",https://twitter.com/RepArrington,TX,R,house
"Auchincloss, Jake",https://twitter.com/RepAuchincloss,MA,D,house
"Axne, Cindy",https://twitter.com/RepCindyAxne,IA,D,house
"Babin, Brian",https://twitter.com/RepBrianBabin,TX,R,house
"Bacon, Don",https://twitter.com/RepDonBacon,NE,R,house
"Baird, Jim",https://twitter.com/RepJimBaird,IN,R,house
"Balderson, Troy",https://twitter.com/RepBalderson,OH,R,house
"Banks, Jim",https://twitter.com/RepJimBanks,IN,R,house
"Barr, Andy",https://twitter.com/RepAndyBarr,KY,R,house
"Barragán, Nanette",https://twitter.com/RepBarragan,CA,D,house
"Bass, Karen",https://twitter.com/RepKarenBass,CA,D,house
"Beatty, Joyce",https://twitter.com/RepBeatty,OH,D,house
"Bentz, Cliff",https://twitter.com/RepBentz,OR,R,house
"Bera, Ami",https://twitter.com/RepBera,CA,D,house
"Bergman, Jack",https://twitter.com/RepJackBergman,MI,R,house
"Beyer, Don",https://twitter.com/RepDonBeyer,VA,D,house
"Bice, Stephanie I.",https://twitter.com/RepBice,OK,R,house
"Biggs, Andy",https://twitter.com/RepAndyBiggsAZ,AZ,R,house
"Bilirakis, Gus M.",https://twitter.com/RepGusBilirakis,FL,R,house
"Bishop Jr., Sanford D.",https://twitter.com/SanfordBishop,GA,D,house
"Bishop, Dan",https://twitter.com/RepDanBishop,NC,R,house
"Blumenauer, Earl",https://twitter.com/repblumenauer,OR,D,house
"Blunt Rochester, Lisa",https://twitter.com/RepLBR,DE,D,house
"Boebert, Lauren",https://twitter.com/RepBoebert,CO,R,house
"Bonamici, Suzanne",https://twitter.com/RepBonamici,OR,D,house
"Bost, Mike",https://twitter.com/RepBost,IL,R,house
"Bourdeaux, Carolyn",https://twitter.com/RepBourdeaux,GA,D,house
"Bowman, Jamaal",https://twitter.com/RepBowman,NY,D,house
"Boyle, Brendan",https://twitter.com/CongBoyle,PA,D,house
"Brady, Kevin",https://twitter.com/RepKevinBrady,TX,R,house
"Brooks, Mo",https://twitter.com/RepMoBrooks,AL,R,house
"Brown, Anthony",https://twitter.com/RepAnthonyBrown,MD,D,house
"Brown, Shontel",https://twitter.com/RepShontelBrown,OH,D,house
"Brownley, Julia",https://twitter.com/RepBrownley,CA,D,house
"Buchanan, Vern",https://twitter.com/VernBuchanan,FL,R,house
"Buck, Ken",https://twitter.com/RepKenBuck,CO,R,house
"Bucshon, Larry",https://twitter.com/RepLarryBucshon,IN,R,house
"Budd, Ted",https://twitter.com/RepTedBudd,NC,R,house
"Burchett, Tim",https://twitter.com/RepTimBurchett,TN,R,house
"Burgess, Michael",https://twitter.com/michaelcburgess,TX,R,house
"Bush, Cori",https://twitter.com/RepCori,MO,D,house
"Bustos, Cheri",https://twitter.com/RepCheri,IL,D,house
"Butterfield, G.K.",https://twitter.com/GKButterfield,NC,D,house
"Calvert, Ken",https://twitter.com/KenCalvert,CA,R,house
"Cammack, Kat",https://twitter.com/RepKatCammack,FL,R,house
"Carbajal, Salud",https://twitter.com/RepCarbajal,CA,D,house
"Cardenas, Tony",https://twitter.com/RepCardenas,CA,D,house
"Carey, Mike",https://twitter.com/RepMikeCarey,OH,R,house
"Carl, Jerry L.",https://twitter.com/RepJerryCarl,AL,R,house
"Carson, André",https://twitter.com/RepAndreCarson,IN,D,house
"Carter, Buddy",https://twitter.com/RepBuddyCarter,GA,R,house
"Carter, John",https://twitter.com/JudgeCarter,TX,R,house
"Carter, Troy",https://twitter.com/RepTroyCarter,LA,D,house
"Cartwright, Matt",https://twitter.com/RepCartwright,PA,D,house
"Case, Ed",https://twitter.com/RepEdCase,HI,D,house
"Casten, Sean",https://twitter.com/RepCasten,IL,D,house
"Castor, Kathy",https://twitter.com/USRepKCastor,FL,D,house
"Castro, Joaquin",https://twitter.com/JoaquinCastrotx,TX,D,house
"Cawthorn, Madison",https://twitter.com/RepCawthorn,NC,R,house
"Chabot, Steve",https://twitter.com/RepSteveChabot,OH,R,house
"Cheney, Liz",https://twitter.com/RepLizCheney,WY,R,house
"Cherfilus-McCormick, Sheila",https://twitter.com/CongresswomanSC,FL,D,house
"Chu, Judy",https://twitter.com/RepJudyChu,CA,D,house
"Cicilline, David",https://twitter.com/RepCicilline,RI,D,house
"Clark, Katherine",https://twitter.com/RepKClark,MA,D,house
"Clarke, Yvette D.",https://twitter.com/RepYvetteClarke,NY,D,house
"Cleaver, Emanuel",https://twitter.com/repcleaver,MO,D,house
"Cline, Ben",https://twitter.com/RepBenCline,VA,R,house
"Cloud, Michael",https://twitter.com/RepCloudTX,TX,R,house
"Clyburn, James E.",https://twitter.com/WhipClyburn,SC,D,house
"Clyde, Andrew S.",https://twitter.com/Rep_Clyde ,GA,R,house
"Cohen, Steve",https://twitter.com/RepCohen,TN,D,house
"Cole, Tom",https://twitter.com/TomColeOK04,OK,R,house
"Comer, James",https://twitter.com/RepJamesComer,KY,R,house
"Connolly, Gerald E. ""Gerry""",https://twitter.com/GerryConnolly,VA,D,house
"Conway, Connie",https://twitter.com/RepConnieConway,CA,R,house
"Cooper, Jim",https://twitter.com/repjimcooper,TN,D,house
"Correa, J. Luis",https://twitter.com/RepLouCorrea,CA,D,house
"Costa, Jim",https://twitter.com/RepJimCosta,CA,D,house
"Courtney, Joe",https://twitter.com/RepJoeCourtney,CT,D,house
"Craig, Angie",https://twitter.com/RepAngieCraig,MN,D,house
"Crawford, Rick",https://twitter.com/RepRickCrawford,AR,R,house
"Crenshaw, Dan",https://twitter.com/RepDanCrenshaw,TX,R,house
"Crow, Jason",https://twitter.com/RepJasonCrow,CO,D,house
"Cuellar, Henry",https://twitter.com/RepCuellar,TX,D,house
"Curtis, John R.",https://twitter.com/RepJohnCurtis,UT,R,house
"Davids, Sharice",https://twitter.com/RepDavids,KS,D,house
"Davidson, Warren",https://twitter.com/WarrenDavidson,OH,R,house
"Davis, Danny K.",https://twitter.com/RepDannyDavis,IL,D,house
"Davis, Rodney",https://twitter.com/RodneyDavis,IL,R,house
"Dean, Madeleine",https://twitter.com/RepDean,PA,D,house
"DeFazio, Peter",https://twitter.com/RepPeterDeFazio,OR,D,house
"DeGette, Diana",https://twitter.com/RepDianaDeGette,CO,D,house
"DeLauro, Rosa L.",https://twitter.com/rosadelauro,CT,D,house
"DelBene, Suzan",https://twitter.com/RepDelBene,WA,D,house
"Demings, Val",https://twitter.com/RepValDemings,FL,D,house
"DeSaulnier, Mark",https://twitter.com/RepDeSaulnier,CA,D,house
"DesJarlais, Scott",https://twitter.com/DesJarlaisTN04,TN,R,house
"Diaz-Balart, Mario",https://twitter.com/MarioDB,FL,R,house
"Dingell, Debbie",https://twitter.com/RepDebDingell,MI,D,house
"Doggett, Lloyd",https://twitter.com/RepLloydDoggett,TX,D,house
"Donalds, Byron",https://twitter.com/RepDonaldsPress,FL,R,house
"Doyle, Michael",https://twitter.com/USRepMikeDoyle,PA,D,house
"Duncan, Jeff",https://twitter.com/RepJeffDuncan,SC,R,house
"Dunn, Neal",https://twitter.com/DrNealDunnFL2,FL,R,house
"Ellzey, Jake",https://twitter.com/RepEllzey,TX,R,house
"Emmer, Tom",https://twitter.com/RepTomEmmer,MN,R,house
"Escobar, Veronica",https://twitter.com/RepEscobar,TX,D,house
"Eshoo, Anna G.",https://twitter.com/RepAnnaEshoo,CA,D,house
"Espaillat, Adriano",https://twitter.com/RepEspaillat,NY,D,house
"Estes, Ron",https://twitter.com/RepRonEstes,KS,R,house
"Evans, Dwight",https://twitter.com/RepDwightEvans,PA,D,house
"Fallon, Pat",https://twitter.com/RepPatFallon,TX,R,house
"Feenstra, Randy",https://twitter.com/RepFeenstra,IA,R,house
"Ferguson, A. Drew",https://twitter.com/RepDrewFerguson,GA,R,house
"Finstad, Brad",https://twitter.com/repfinstad,MN,R,house
"Fischbach, Michelle",https://twitter.com/RepFischbach,MN,R,house
"Fitzgerald, Scott",https://twitter.com/RepFitzgerald,WI,R,house
"Fitzpatrick, Brian",https://twitter.com/RepBrianFitz,PA,R,house
"Fleischmann, Chuck",https://twitter.com/RepChuck,TN,R,house
"Fletcher, Lizzie",https://twitter.com/RepFletcher,TX,D,house
"Flood, Mike",https://twitter.com/USRepMikeFlood,NE,R,house
"Flores, Mayra",https://twitter.com/repmayraflores,TX,R,house
"Foster, Bill",https://twitter.com/RepBillFoster,IL,D,house
"Foxx, Virginia",https://twitter.com/virginiafoxx,NC,R,house
"Frankel, Lois",https://twitter.com/RepLoisFrankel,FL,D,house
"Franklin, C. Scott",https://twitter.com/RepFranklin,FL,R,house
"Fulcher, Russ",https://twitter.com/RepRussFulcher,ID,R,house
"Gaetz, Matt",https://twitter.com/RepMattGaetz,FL,R,house
"Gallagher, Mike",https://twitter.com/RepGallagher,WI,R,house
"Gallego, Ruben",https://twitter.com/RepRubenGallego,AZ,D,house
"Garamendi, John",https://twitter.com/RepGaramendi,CA,D,house
"Garbarino, Andrew R.",https://twitter.com/RepGarbarino,NY,R,house
"García, Jesús ""Chuy""",https://twitter.com/RepChuyGarcia,IL,D,house
"Garcia, Mike",https://twitter.com/RepMikeGarcia,CA,R,house
"Garcia, Sylvia",https://twitter.com/RepSylviaGarcia,TX,D,house
"Gibbs, Bob",https://twitter.com/RepBobGibbs,OH,R,house
"Gimenez, Carlos A.",https://twitter.com/RepCarlos,FL,R,house
"Gohmert, Louie",https://twitter.com/replouiegohmert,TX,R,house
"Golden, Jared",https://twitter.com/RepGolden,ME,D,house
"Gomez, Jimmy",https://twitter.com/RepJimmyGomez,CA,D,house
"Gonzales, Tony",https://twitter.com/RepTonyGonzales,TX,R,house
"González-Cólón, Jenniffer",https://twitter.com/RepJenniffer,PR,R,house
"Gonzalez, Anthony",https://twitter.com/RepAGonzalez,OH,R,house
"Gonzalez, Vicente",https://twitter.com/RepGonzalez,TX,D,house
"Good, Bob",https://twitter.com/RepBobGood,VA,R,house
"Gooden, Lance",https://twitter.com/Lancegooden,TX,R,house
"Gosar, Paul A.",https://twitter.com/RepGosar,AZ,R,house
"Gottheimer, Josh",https://twitter.com/RepJoshG,NJ,D,house
"Granger, Kay",https://twitter.com/RepKayGranger,TX,R,house
"Graves, Garret",https://twitter.com/RepGarretGraves,LA,R,house
"Graves, Sam",https://twitter.com/RepSamGraves,MO,R,house
"Green, Al",https://twitter.com/RepAlGreen,TX,D,house
"Green, Mark",https://twitter.com/RepMarkGreen,TN,R,house
"Greene, Marjorie Taylor",https://twitter.com/RepMTG,GA,R,house
"Griffith, Morgan",https://twitter.com/RepMGriffith,VA,R,house
"Grijalva, Raul",https://twitter.com/RepRaulGrijalva,AZ,D,house
"Grothman, Glenn",https://twitter.com/RepGrothman,WI,R,house
"Guest, Michael",https://twitter.com/RepMichaelGuest,MS,R,house
"Guthrie, S. Brett",https://twitter.com/RepGuthrie,KY,R,house
"Harder, Josh",https://twitter.com/RepJoshHarder,CA,D,house
"Harris, Andy",https://twitter.com/RepAndyHarrisMD,MD,R,house
"Harshbarger, Diana",https://twitter.com/RepHarshbarger,TN,R,house
"Hartzler, Vicky",https://twitter.com/RepHartzler,MO,R,house
"Hayes, Jahana",https://twitter.com/RepJahanaHayes,CT,D,house
"Hern, Kevin",https://twitter.com/repkevinhern,OK,R,house
"Herrell, Yvette",https://twitter.com/RepHerrell,NM,R,house
"Herrera Butler, Jaime",https://twitter.com/HerreraBeutler,WA,R,house
"Hice, Jody",https://twitter.com/CongressmanHice,GA,R,house
"Higgins, Brian",https://twitter.com/RepBrianHiggins,NY,D,house
"Higgins, Clay",https://twitter.com/RepClayHiggins,LA,R,house
"Hill, French",https://twitter.com/RepFrenchHill,AR,R,house
"Himes, Jim",https://twitter.com/jahimes,CT,D,house
"Hinson, Ashley",https://twitter.com/RepAshleyHinson,IA,R,house
"Hollingsworth, Trey",https://twitter.com/RepTrey,IN,R,house
"Horsford, Steven",https://twitter.com/RepHorsford,NV,D,house
"Houlahan, Chrissy",https://twitter.com/RepHoulahan,PA,D,house
"Hoyer, Steny H.",https://twitter.com/LeaderHoyer,MD,D,house
"Hudson, Richard",https://twitter.com/RepRichHudson,NC,R,house
"Huffman, Jared",https://twitter.com/RepHuffman,CA,D,house
"Huizenga, Bill",https://twitter.com/RepHuizenga,MI,R,house
"Issa, Darrell",https://twitter.com/repdarrellissa,CA,R,house
"Jackson Lee, Sheila",https://twitter.com/JacksonLeeTX18,TX,D,house
"Jackson, Ronny",https://twitter.com/RepRonnyJackson,TX,R,house
"Jacobs, Chris",https://twitter.com/RepJacobs,NY,R,house
"Jacobs, Sara",https://twitter.com/RepSaraJacobs,CA,D,house
"Jayapal, Pramila",https://twitter.com/RepJayapal,WA,D,house
"Jeffries, Hakeem",https://twitter.com/RepJeffries,NY,D,house
"Johnson, Bill",https://twitter.com/RepBillJohnson,OH,R,house
"Johnson, Dusty",https://twitter.com/RepDustyJohnson,SD,R,house
"Johnson, Eddie Bernice",https://twitter.com/RepEBJ,TX,D,house
"Johnson, Henry C. ""Hank"" Jr.",https://twitter.com/RepHankJohnson,GA,D,house
"Johnson, Mike",https://twitter.com/RepMikeJohnson,LA,R,house
"Jones, Mondaire",https://twitter.com/RepMondaire,NY,D,house
"Jordan, Jim",https://twitter.com/Jim_Jordan,OH,R,house
"Joyce, David",https://twitter.com/RepDaveJoyce,OH,R,house
"Joyce, John",https://twitter.com/RepJohnJoyce,PA,R,house
"Kahele, Kaiali'i",https://twitter.com/KaheleRep,HI,D,house
"Kaptur, Marcy",https://twitter.com/RepMarcyKaptur,OH,D,house
"Katko, John",https://twitter.com/RepJohnKatko,NY,R,house
"Keating, William",https://twitter.com/USRepKeating,MA,D,house
"Keller, Fred",https://twitter.com/RepFredKeller,PA,R,house
"Kelly, Mike",https://twitter.com/MikeKellyPA,PA,R,house
"Kelly, Robin",https://twitter.com/RepRobinKelly,IL,D,house
"Kelly, Trent",https://twitter.com/RepTrentKelly,MS,R,house
"Khanna, Ro",https://twitter.com/RepRoKhanna,CA,D,house
"Kildee, Dan",https://twitter.com/RepDanKildee,MI,D,house
"Kilmer, Derek",https://twitter.com/RepDerekKilmer,WA,D,house
"Kim, Andy",https://twitter.com/RepAndyKimNJ,NJ,D,house
"Kim, Young",https://twitter.com/RepYoungKim,CA,R,house
"Kind, Ron",https://twitter.com/RepRonKind,WI,D,house
"Kinzinger, Adam",https://twitter.com/RepKinzinger,IL,R,house
"Kirkpatrick, Ann",https://twitter.com/RepKirkpatrick,AZ,D,house
"Krishnamoorthi, Raja",https://twitter.com/CongressmanRaja,IL,D,house
"Kuster, Ann",https://twitter.com/RepAnnieKuster,NH,D,house
"Kustoff, David",https://twitter.com/RepDavidKustoff,TN,R,house
"LaHood, Darin",https://twitter.com/RepLaHood,IL,R,house
"LaMalfa, Doug",https://twitter.com/RepLaMalfa,CA,R,house
"Lamb, Conor",https://twitter.com/RepConorLamb,PA,D,house
"Lamborn, Doug",https://twitter.com/RepDLamborn,CO,R,house
"Langevin, Jim",https://twitter.com/JimLangevin,RI,D,house
"Larsen, Rick",https://twitter.com/RepRickLarsen,WA,D,house
"Larson, John B.",https://twitter.com/RepJohnLarson,CT,D,house
"Latta, Robert E.",https://twitter.com/boblatta,OH,R,house
"LaTurner, Jake",https://twitter.com/RepLaTurner,KS,R,house
"Lawrence, Brenda",https://twitter.com/RepLawrence,MI,D,house
"Lawson, Al",https://twitter.com/RepAlLawsonJr,FL,D,house
"Lee, Barbara",https://twitter.com/RepBarbaraLee,CA,D,house
"Lee, Susie",https://twitter.com/RepSusieLee,NV,D,house
"Leger Fernandez, Teresa",https://twitter.com/RepTeresaLF,NM,D,house
"Lesko, Debbie",https://twitter.com/RepDLesko,AZ,R,house
"Letlow, Julia",https://twitter.com/RepJuliaLetlow,LA,R,house
"Levin, Andy",https://twitter.com/RepAndyLevin,MI,D,house
"Levin, Mike",https://twitter.com/RepMikeLevin,CA,D,house
"Lieu, Ted",https://twitter.com/RepTedLieu,CA,D,house
"Lofgren, Zoe",https://twitter.com/RepZoeLofgren,CA,D,house
"Long, Billy",https://twitter.com/USRepLong,MO,R,house
"Loudermilk, Barry",https://twitter.com/RepLoudermilk,GA,R,house
"Lowenthal, Alan",https://twitter.com/RepLowenthal,CA,D,house
"Lucas, Frank",https://twitter.com/RepFrankLucas,OK,R,house
"Luetkemeyer, Blaine",https://twitter.com/RepBlaine,MO,R,house
"Luria, Elaine",https://twitter.com/RepElaineLuria,VA,D,house
"Lynch, Stephen F.",https://twitter.com/RepStephenLynch,MA,D,house
"Mace, Nancy",https://twitter.com/RepNancyMace,SC,R,house
"Malinowski, Tom",https://twitter.com/RepMalinowski,NJ,D,house
"Malliotakis, Nicole",https://twitter.com/RepMalliotakis,NY,R,house
"Maloney, Carolyn",https://twitter.com/RepMaloney,NY,D,house
"Maloney, Sean Patrick",https://twitter.com/RepSeanMaloney,NY,D,house
"Mann, Tracey",https://twitter.com/RepMann,KS,R,house
"Manning, Kathy E.",https://twitter.com/RepKManning,NC,D,house
"Massie, Thomas",https://twitter.com/RepThomasMassie,KY,R,house
"Mast, Brian",https://twitter.com/RepBrianMast,FL,R,house
"Matsui, Doris O.",https://twitter.com/DorisMatsui,CA,D,house
"McBath, Lucy",https://twitter.com/RepLucyMcBath,GA,D,house
"McCarthy, Kevin",https://twitter.com/GOPLeader,CA,R,house
"McCaul, Michael T.",https://twitter.com/RepMcCaul,TX,R,house
"McClain, Lisa C.",https://twitter.com/RepLisaMcClain,MI,R,house
"McClintock, Tom",https://twitter.com/RepMcClintock,CA,R,house
"McCollum, Betty",https://twitter.com/BettyMcCollum04,MN,D,house
"McGovern, James",https://twitter.com/RepMcGovern,MA,D,house
"McHenry, Patrick T.",https://twitter.com/PatrickMcHenry,NC,R,house
"McKinley, David",https://twitter.com/RepMcKinley,WV,R,house
"McNerney, Jerry",https://twitter.com/RepMcNerney,CA,D,house
"Meeks, Gregory W.",https://twitter.com/RepGregoryMeeks,NY,D,house
"Meijer, Peter",https://twitter.com/RepMeijer,MI,R,house
"Meng, Grace",https://twitter.com/RepGraceMeng,NY,D,house
"Meuser, Daniel",https://twitter.com/RepMeuser,PA,R,house
"Mfume, Kweisi",https://twitter.com/RepKweisiMfume,MD,D,house
"Miller-Meeks, Mariannette",https://twitter.com/RepMMM,IA,R,house
"Miller, Carol",https://twitter.com/RepCarolMiller,WV,R,house
"Miller, Mary E.",https://twitter.com/RepMaryMiller,WV,R,house
"Moolenaar, John",https://twitter.com/RepMoolenaar,MI,R,house
"Mooney, Alex",https://twitter.com/RepAlexMooney,WV,R,house
"Moore, Barry",https://twitter.com/RepBarryMoore,AL,R,house
"Moore, Blake D.",https://twitter.com/RepBlakeMoore,UT,R,house
"Moore, Gwen",https://twitter.com/RepGwenMoore,WI,D,house
"Morelle, Joe",https://twitter.com/RepJoeMorelle,NY,D,house
"Moulton, Seth",https://twitter.com/teammoulton,MA,D,house
"Mrvan, Frank J.",https://twitter.com/RepMrvan,IN,D,house
"Mullin, Markwayne",https://twitter.com/RepMullin,OK,R,house
"Murphy, Gregory Francis",https://twitter.com/RepGregMurphy,NC,R,house
"Murphy, Stephanie",https://twitter.com/RepStephMurphy,FL,D,house
"Nadler, Jerrold",https://twitter.com/RepJerryNadler,NY,D,house
"Napolitano, Grace",https://twitter.com/gracenapolitano,CA,D,house
"Neal, Richard E.",https://twitter.com/RepRichardNeal,MA,D,house
"Neguse, Joe",https://twitter.com/RepJoeNeguse,CO,D,house
"Nehls, Troy E.",https://twitter.com/RepTroyNehls,TX,R,house
"Newhouse, Dan",https://twitter.com/RepNewhouse,WA,R,house
"Newman, Marie",https://twitter.com/RepMarieNewman,IL,D,house
"Norcross, Donald",https://twitter.com/DonaldNorcross,NJ,D,house
"Norman, Ralph",https://twitter.com/RepRalphNorman,SC,R,house
"Norton, Eleanor Holmes",https://twitter.com/EleanorNorton,DC,D,house
"O'Halleran, Tom",https://twitter.com/RepOHalleran,AZ,D,house
"Obernolte, Jay",https://twitter.com/JayObernolte,CA,R,house
"Ocasio-Cortez, Alexandria",https://twitter.com/RepAOC,NY,D,house
"Omar, Ilhan",https://twitter.com/Ilhan,MN,D,house
"Owens, Burgess",https://twitter.com/RepBurgessOwens,UT,R,house
"Palazzo, Steven",https://twitter.com/CongPalazzo,MS,R,house
"Pallone Jr., Frank",https://twitter.com/FrankPallone,NJ,D,house
"Palmer, Gary",https://twitter.com/USRepGaryPalmer,AL,R,house
"Panetta, Jimmy",https://twitter.com/RepJimmyPanetta,CA,D,house
"Pappas, Chris",https://twitter.com/RepChrisPappas,NH,D,house
"Pascrell Jr., Bill",https://twitter.com/BillPascrell,NJ,D,house
"Payne Jr., Donald",https://twitter.com/RepDonaldPayne,NJ,D,house
"Pelosi, Nancy",https://twitter.com/SpeakerPelosi,CA,D,house
"Peltola, Mary",https://twitter.com/MaryPeltola,AK,D,house
"Pence, Greg",https://twitter.com/RepGregPence,IN,R,house
"Perlmutter, Ed",https://twitter.com/RepPerlmutter,CO,D,house
"Perry, Scott",https://twitter.com/RepScottPerry,PA,R,house
"Peters, Scott",https://twitter.com/RepScottPeters,CA,D,house
"Pfluger, August",https://twitter.com/RepPfluger,TX,R,house
"Phillips, Dean",https://twitter.com/RepDeanPhillips,MN,D,house
"Pingree, Chellie",https://twitter.com/chelliepingree,ME,D,house
"Plaskett, Stacey",https://twitter.com/StaceyPlaskett,VI,D,house
"Pocan, Mark",https://twitter.com/repmarkpocan,WI,D,house
"Porter, Katie",https://twitter.com/RepKatiePorter,CA,D,house
"Posey, Bill",https://twitter.com/congbillposey,FL,R,house
"Pressley, Ayanna",https://twitter.com/RepPressley,MA,D,house
"Price, David",https://twitter.com/RepDavidEPrice,NC,D,house
"Quigley, Mike",https://twitter.com/RepMikeQuigley,IL,D,house
"Radewagen, Amata",https://twitter.com/RepAmata,AS,R,house
"Raskin, Jamie",https://twitter.com/RepRaskin,MD,D,house
"Reschenthaler, Guy",https://twitter.com/GReschenthaler,PA,R,house
"Rice, Kathleen",https://twitter.com/RepKathleenRice,NY,D,house
"Rice, Tom",https://twitter.com/RepTomRice,SC,R,house
"Rodgers, Cathy McMorris",https://twitter.com/cathymcmorris,WA,R,house
"Rogers, Harold",https://twitter.com/RepHalRogers,KY,R,house
"Rogers, Mike",https://twitter.com/RepMikeRogersAL,AL,R,house
"Rose, John W.",https://twitter.com/RepJohnRose,TN,R,house
"Rosendale, Matthew M.",https://twitter.com/RepRosendale,MT,R,house
"Ross, Deborah K.",https://twitter.com/RepDeborahRoss,NC,D,house
"Rouzer, David",https://twitter.com/RepDavidRouzer,NC,R,house
"Roy, Chip",https://twitter.com/RepChipRoy,TX,R,house
"Roybal-Allard, Lucille",https://twitter.com/RepRoybalAllard,CA,D,house
"Ruiz, Raul",https://twitter.com/RepRaulRuizMD,CA,D,house
"Ruppersberger, C. A. Dutch",https://twitter.com/Call_Me_Dutch,MD,D,house
"Rush, Bobby L.",https://twitter.com/RepBobbyRush,IL,D,house
"Rutherford, John",https://twitter.com/RepRutherfordFL,FL,R,house
"Ryan, Pat",https://twitter.com/PatRyanUC,NY,D,house
"Ryan, Tim",https://twitter.com/RepTimRyan,OH,D,house
"Sablan, Gregorio",https://twitter.com/Kilili_Sablan,MP,D,house
"Salazar, Maria Elvira",https://twitter.com/RepMariaSalazar,FL,R,house
"San Nicolas, Michael F. Q.",https://twitter.com/GuamCongressman,GU,D,house
"Sánchez, Linda",https://twitter.com/RepLindaSanchez,CA,D,house
"Sarbanes, John P.",https://twitter.com/RepSarbanes,MD,D,house
"Scalise, Steve",https://twitter.com/SteveScalise,LA,R,house
"Scanlon, Mary Gay",https://twitter.com/RepMGS,PA,D,house
"Schakowsky, Jan",https://twitter.com/janschakowsky,IL,D,house
"Schiff, Adam",https://twitter.com/RepAdamSchiff,CA,D,house
"Schneider, Bradley",https://twitter.com/RepSchneider,IL,D,house
"Schrader, Kurt",https://twitter.com/RepSchrader,OR,D,house
"Schrier, Kim",https://twitter.com/RepKimSchrier,WA,D,house
"Schweikert, David",https://twitter.com/RepDavid,AZ,R,house
"Scott, Austin",https://twitter.com/AustinScottGA08,GA,R,house
"Scott, David",https://twitter.com/repdavidscott,GA,D,house
"Scott, Robert C.",https://twitter.com/BobbyScott,VA,D,house
"Sessions, Pete",https://twitter.com/PeteSessions,TX,R,house
"Sewell, Terri A.",https://twitter.com/RepTerriSewell,AL,D,house
"Sherman, Brad",https://twitter.com/BradSherman,CA,D,house
"Sherrill, Mikie",https://twitter.com/RepSherrill,NJ,D,house
"Simpson, Mike",https://twitter.com/CongMikeSimpson,ID,R,house
"Sires, Albio",https://twitter.com/RepSires,NJ,D,house
"Slotkin, Elissa",https://twitter.com/RepSlotkin,MI,D,house
"Smith, Adam",https://twitter.com/RepAdamSmith,WA,D,house
"Smith, Adrian",https://twitter.com/RepAdrianSmith,NE,R,house
"Smith, Chris",,NJ,R,house
"Smith, Jason",https://twitter.com/RepJasonSmith,MO,R,house
"Smucker, Lloyd",https://twitter.com/RepSmucker,PA,R,house
"Soto, Darren",https://twitter.com/RepDarrenSoto,FL,D,house
"Spanberger, Abigail",https://twitter.com/RepSpanberger,VA,D,house
"Spartz, Victoria",https://twitter.com/RepSpartz,IN,R,house
"Speier, Jackie",https://twitter.com/RepSpeier,CA,D,house
"Stansbury, Melanie ",https://twitter.com/Rep_Stansbury,NM,D,house
"Stanton, Greg",https://twitter.com/RepGregStanton,AZ,D,house
"Stauber, Pete",https://twitter.com/RepPeteStauber,MN,R,house
"Steel, Michelle",https://twitter.com/RepSteel,CA,R,house
"Stefanik, Elise",https://twitter.com/RepStefanik,NY,R,house
"Steil, Bryan",https://twitter.com/RepBryanSteil,WI,R,house
"Steube, W. Gregory",https://twitter.com/RepGregSteube,FL,R,house
"Stevens, Haley",https://twitter.com/RepHaleyStevens,MI,D,house
"Stewart, Chris",https://twitter.com/RepChrisStewart,UT,R,house
"Strickland, Marilyn",https://twitter.com/RepStricklandWA,WA,D,house
"Suozzi, Thomas",https://twitter.com/RepTomSuozzi,NY,D,house
"Swalwell, Eric",https://twitter.com/RepSwalwell,CA,D,house
"Takano, Mark",https://twitter.com/RepMarkTakano,CA,D,house
"Taylor, Van",https://twitter.com/RepVanTaylor,TX,R,house
"Tenney, Claudia",https://twitter.com/claudiatenney,NY,R,house
"Thompson, Bennie G.",https://twitter.com/BennieGThompson,MS,D,house
"Thompson, Glenn",https://twitter.com/CongressmanGT,PA,R,house
"Thompson, Mike",https://twitter.com/RepThompson,CA,D,house
"Tiffany, Thomas P.",https://twitter.com/RepTiffany,WI,R,house
"Timmons, William",https://twitter.com/RepTimmons,SC,R,house
"Titus, Dina",https://twitter.com/repdinatitus,NV,D,house
"Tlaib, Rashida",https://twitter.com/RepRashida,MI,D,house
"Tonko, Paul D.",https://twitter.com/RepPaulTonko,NY,D,house
"Torres, Norma",https://twitter.com/NormaJTorres,CA,D,house
"Torres, Ritchie",https://twitter.com/RepRitchie,NY,D,house
"Trahan, Lori",https://twitter.com/RepLoriTrahan,MA,D,house
"Trone, David",https://twitter.com/RepDavidTrone,MD,D,house
"Turner, Mike",https://twitter.com/RepMikeTurner,OH,R,house
"Underwood, Lauren",https://twitter.com/RepUnderwood,IL,D,house
"Upton, Fred",https://twitter.com/RepFredUpton,MI,R,house
"Valadao, David G.",https://twitter.com/RepDavidValadao,CA,R,house
"Van Drew, Jefferson",https://twitter.com/Congressman_JVD,NJ,R,house
"Van Duyne, Beth",https://twitter.com/RepBethVanDuyne,TX,R,house
"Vargas, Juan",https://twitter.com/RepJuanVargas,CA,D,house
"Veasey, Marc",https://twitter.com/RepVeasey,TX,R,house
"Velázquez, Nydia M.",https://twitter.com/NydiaVelazquez,NY,D,house
"Wagner, Ann",https://twitter.com/RepAnnWagner,MO,R,house
"Walberg, Tim",https://twitter.com/RepWalberg,MI,R,house
"Waltz, Michael",https://twitter.com/michaelgwaltz,FL,R,house
"Wasserman Schultz, Debbie",https://twitter.com/RepDWStweets,FL,R,house
"Waters, Maxine",https://twitter.com/RepMaxineWaters,CA,D,house
"Watson Coleman, Bonnie",https://twitter.com/RepBonnie,NJ,D,house
"Weber, Randy",https://twitter.com/TXRandy14,TX,R,house
"Webster, Daniel",https://twitter.com/RepWebster,FL,R,house
"Welch, Peter",https://twitter.com/PeterWelch,VT,D,house
"Wenstrup, Brad",https://twitter.com/RepBradWenstrup,OH,R,house
"Westerman, Bruce",https://twitter.com/RepWesterman,AR,R,house
"Wexton, Jennifer",https://twitter.com/RepWexton,VA,D,house
"Wild, Susan",https://twitter.com/RepSusanWild,PA,D,house
"Williams, Nikema",https://twitter.com/RepNikema,GA,D,house
"Williams, Roger",https://twitter.com/RepRWilliams,TX,R,house
"Wilson, Frederica",https://twitter.com/RepWilson,FL,D,house
"Wilson, Joe",https://twitter.com/RepJoeWilson,SC,R,house
"Wittman, Robert J.",https://twitter.com/RobWittman,VA,R,house
"Womack, Steve",https://twitter.com/rep_stevewomack,AR,R,house
"Yakym, Rudy",https://twitter.com/RudyYakym,IN,R,house
"Yarmuth, John A.",https://twitter.com/RepJohnYarmuth,KY,D,house
"Zeldin, Lee",https://twitter.com/RepLeeZeldin,NY,R,house